Company;Title;Review
TechNova Solutions;Great Work-Life Balance;TechNova truly values work-life balance. Flexible hours and the option to work remotely have made managing my personal life alongside my career so much easier. The company culture encourages taking time off when needed, which greatly reduces stress.
TechNova Solutions;Supportive Management;Managers at TechNova are approachable and genuinely care about employee well-being. Regular check-ins help address any issues before they become overwhelming. However, sometimes project deadlines can be tight, leading to occasional stress.
TechNova Solutions;Excellent Mental Health Resources;The mental health resources provided are top-notch. Free counseling sessions and wellness programs are readily available, making it easy to seek help when needed. It’s reassuring to know the company prioritizes our mental health.
TechNova Solutions;High Stress Levels;While the projects are exciting, the workload can be overwhelming at times. Deadlines are tight, and there's a constant pressure to perform, which affects my stress levels negatively.
TechNova Solutions;Inclusive and Positive Culture;TechNova fosters an inclusive and positive work environment. Team-building activities and open communication channels make it easy to share concerns and support each other, enhancing overall mental well-being.
TechNova Solutions;Flexible Scheduling;The flexibility in scheduling allows me to attend to personal matters without compromising my work. This adaptability greatly contributes to maintaining my mental health and job satisfaction.
TechNova Solutions;Lack of Recognition;While the company offers great benefits, sometimes hard work goes unnoticed. A bit more recognition and appreciation from management would boost morale and mental well-being.
TechNova Solutions;Open Communication;Communication at TechNova is transparent and open. Being able to voice my opinions and concerns without fear has significantly reduced work-related anxiety.
TechNova Solutions;Adequate Support During Tough Times;When I faced personal challenges, the support from HR and my team was incredible. It made a huge difference in managing my mental health while continuing my work.
TechNova Solutions;Room for Improvement in Workload Management;Overall, TechNova is a great place to work, but better workload distribution could help in reducing unnecessary stress and improving mental health outcomes for employees.
InnovateX Systems;Flexible Work Hours;InnovateX offers flexible work hours, which has been a game-changer for my mental health. I can work during my most productive hours and take breaks when needed without any judgment.
InnovateX Systems;Supportive Team Environment;The team at InnovateX is incredibly supportive. We regularly check in on each other’s well-being, which creates a safe space to discuss mental health openly.
InnovateX Systems;Limited Mental Health Resources;While the company is great in many ways, there are limited mental health resources available. Introducing more comprehensive support would be beneficial.
InnovateX Systems;High Workload but Good Support;The workload can be intense, but knowing that management is supportive helps alleviate some of the stress. More resources could help manage the heavy workload better.
InnovateX Systems;Excellent Remote Work Options;The option to work remotely has significantly improved my mental health by reducing commute stress and allowing a more comfortable work environment.
InnovateX Systems;Positive Company Culture;InnovateX has a positive and inclusive culture that prioritizes employee well-being. Regular wellness workshops and mental health days are highly appreciated.
InnovateX Systems;Recognition Programs;The company has strong recognition programs that make employees feel valued. This appreciation positively impacts mental well-being and motivation.
InnovateX Systems;Communication Can Improve;While the company supports mental health, communication between departments can be improved to reduce misunderstandings and related stress.
InnovateX Systems;Access to Counseling Services;Access to free counseling services is a major plus. It’s comforting to know that help is available whenever needed.
InnovateX Systems;Work-Life Integration;InnovateX promotes work-life integration rather than balance, allowing for a more seamless blend of personal and professional life, which has been beneficial for my mental health.
QuantumLeap Technologies;Stressful Work Environment;The fast-paced environment can be very stressful. Deadlines are tight, and there's little room for error, which negatively impacts mental health.
QuantumLeap Technologies;Comprehensive Mental Health Benefits;QuantumLeap offers comprehensive mental health benefits, including therapy sessions and wellness programs. It shows the company's commitment to employee well-being.
QuantumLeap Technologies;Limited Flexibility;There’s limited flexibility in work hours, making it difficult to manage personal responsibilities. More flexible scheduling would help improve mental health.
QuantumLeap Technologies;Supportive Leadership;Leadership is very supportive and proactive in addressing mental health issues. Regular workshops and open-door policies make a significant positive difference.
QuantumLeap Technologies;Overemphasis on Productivity;The company places a heavy emphasis on productivity, often at the expense of employee mental health. More focus on well-being is needed.
QuantumLeap Technologies;Great Team Collaboration;The collaborative environment fosters a sense of belonging and support, which greatly contributes to positive mental health.
QuantumLeap Technologies;Access to Mental Health Days;Having designated mental health days allows employees to take necessary breaks without feeling guilty, promoting overall well-being.
QuantumLeap Technologies;Communication Transparency;Transparent communication from management reduces uncertainty and anxiety, positively affecting mental health.
QuantumLeap Technologies;Lack of Recognition;While mental health is prioritized, sometimes employee achievements are not adequately recognized, which can affect motivation and mental well-being.
QuantumLeap Technologies;Supportive Peer Relationships;Strong peer relationships provide emotional support and reduce workplace stress, making QuantumLeap a great place for mental well-being.
ApexWave Labs;Excellent Mental Health Initiatives;ApexWave offers numerous mental health initiatives, including mindfulness sessions and stress management workshops. It makes a real difference in daily work life.
ApexWave Labs;High Expectations and Pressure;The company has high expectations, which can lead to significant pressure. However, the support systems in place help manage the stress effectively.
ApexWave Labs;Flexible Remote Work;The ability to work remotely provides flexibility that greatly enhances my mental health by allowing a better work-life balance.
ApexWave Labs;Supportive HR Team;The HR team is very supportive and responsive to mental health concerns. They offer great resources and are always willing to help.
ApexWave Labs;Inclusive Environment;An inclusive and respectful work environment reduces stress and promotes mental well-being. ApexWave truly cares about diversity and inclusion.
ApexWave Labs;Limited Opportunities for Advancement;While the mental health support is excellent, there are limited opportunities for career advancement, which can lead to frustration and stress.
ApexWave Labs;Regular Wellness Check-ins;Regular wellness check-ins with managers ensure that any mental health issues are addressed promptly, creating a supportive workplace.
ApexWave Labs;Workload Management Needs Improvement;The workload can sometimes be overwhelming. Better management and distribution of tasks would help in reducing unnecessary stress.
ApexWave Labs;Access to Fitness Programs;Access to on-site fitness programs and gym memberships helps in maintaining physical and mental health, contributing to overall well-being.
ApexWave Labs;Positive Feedback Culture;The culture of positive feedback and recognition helps in boosting morale and mental health. Employees feel valued and appreciated.
CyberEdge Dynamics;Overwhelming Workload;The workload at CyberEdge Dynamics is often overwhelming, leading to high stress levels. More support and realistic deadlines are needed to improve mental health.
CyberEdge Dynamics;Comprehensive Health Benefits;The health benefits, including mental health coverage, are comprehensive. It’s reassuring to have access to necessary resources when needed.
CyberEdge Dynamics;Limited Remote Work Options;Limited options for remote work make it difficult to manage personal responsibilities, affecting overall mental well-being.
CyberEdge Dynamics;Supportive Management;Management is very supportive and understanding of personal challenges. They encourage a healthy work-life balance, which greatly benefits mental health.
CyberEdge Dynamics;High Turnover Rate;The high turnover rate indicates potential issues with employee satisfaction and mental health support. Improvements are needed to retain talent.
CyberEdge Dynamics;Access to Mental Health Workshops;Regular mental health workshops and seminars provide valuable tools for managing stress and maintaining well-being.
CyberEdge Dynamics;Positive Team Dynamics;The positive dynamics within teams create a supportive environment that enhances mental health and job satisfaction.
CyberEdge Dynamics;Communication Gaps;There are occasional communication gaps between departments, which can lead to misunderstandings and increased stress.
CyberEdge Dynamics;Flexible PTO Policy;The flexible PTO policy allows me to take time off when needed without hassle, greatly contributing to my mental health.
CyberEdge Dynamics;Lack of Career Development;Limited career development opportunities can lead to feelings of stagnation and stress. More pathways for growth would be beneficial.
NeuraTech Innovations;Excellent Support for Mental Health;NeuraTech provides excellent support for mental health with access to counseling, meditation sessions, and mental wellness programs. It truly cares about employee well-being.
NeuraTech Innovations;High-Stress Environment;The environment can be quite high-stress due to tight deadlines and high expectations. More mental health support during peak times would help.
NeuraTech Innovations;Flexible Work Arrangements;Flexible work arrangements allow me to manage my time effectively, reducing stress and improving my mental health.
NeuraTech Innovations;Supportive Colleagues;My colleagues are incredibly supportive and understanding, creating a positive and mentally healthy work environment.
NeuraTech Innovations;Limited Mental Health Days;While there are mental health resources available, the number of mental health days provided could be increased to better support employees.
NeuraTech Innovations;Transparent Communication;Transparent communication from leadership reduces anxiety and fosters a trusting and mentally healthy workplace.
NeuraTech Innovations;Overemphasis on Performance;There’s a strong emphasis on performance which can sometimes overshadow the importance of mental health. Balancing both would be ideal.
NeuraTech Innovations;Access to Fitness and Wellness Programs;Access to on-site fitness centers and wellness programs helps maintain both physical and mental health, enhancing overall well-being.
NeuraTech Innovations;Recognition and Appreciation;Regular recognition and appreciation from management boost morale and contribute positively to mental health.
NeuraTech Innovations;Work-Life Balance Needs Improvement;While there are efforts to promote work-life balance, the workload sometimes makes it challenging to maintain, affecting mental health.
FusionSphere Networks;Supportive Management and Team;Management and team members are incredibly supportive, always ready to help and ensure that mental health is prioritized.
FusionSphere Networks;High Pressure but Great Resources;The work environment is high-pressure, but the mental health resources provided help manage stress effectively.
FusionSphere Networks;Flexible Working Hours;Flexible working hours allow me to balance my personal life and work, significantly improving my mental health.
FusionSphere Networks;Limited Mental Health Support;While the company offers some mental health resources, they are limited and could be expanded to better support employees.
FusionSphere Networks;Positive and Inclusive Culture;The positive and inclusive culture at FusionSphere makes it a mentally healthy workplace where everyone feels valued.
FusionSphere Networks;Communication Could Be Better;Communication within the company can be inconsistent, leading to confusion and stress among employees.
FusionSphere Networks;Access to Therapy Sessions;Providing access to therapy sessions has been incredibly beneficial for managing my mental health alongside work.
FusionSphere Networks;Recognition Programs Are Strong;The strong recognition programs make employees feel appreciated, which positively impacts mental well-being.
FusionSphere Networks;Workload Management Needs Attention;Better workload management could help in reducing unnecessary stress and improving overall mental health.
FusionSphere Networks;Encourages Taking Breaks;The company encourages taking regular breaks and vacations, which helps in maintaining mental health and preventing burnout.
StellarSoft Inc.;Excellent Mental Health Support;StellarSoft offers excellent mental health support, including free counseling and wellness programs. It makes a significant difference in employee well-being.
StellarSoft Inc.;High Expectations Lead to Stress;The high expectations and demanding projects can lead to significant stress. More support during peak times would help manage mental health better.
StellarSoft Inc.;Flexible Remote Work Policy;The flexible remote work policy allows me to create a comfortable work environment, greatly enhancing my mental health.
StellarSoft Inc.;Supportive HR Department;The HR department is very supportive and provides ample resources for mental health, making it easier to seek help when needed.
StellarSoft Inc.;Positive Team Dynamics;The positive dynamics within teams foster a supportive environment that promotes mental well-being and job satisfaction.
StellarSoft Inc.;Limited Career Growth Opportunities;While mental health is prioritized, the limited career growth opportunities can lead to frustration and affect mental well-being.
StellarSoft Inc.;Access to Wellness Programs;Access to wellness programs, including yoga and meditation classes, helps maintain both physical and mental health.
StellarSoft Inc.;Communication Transparency;Transparent communication from leadership reduces anxiety and fosters a trusting and mentally healthy workplace.
StellarSoft Inc.;Recognition and Rewards;Regular recognition and rewards for hard work boost morale and contribute positively to mental health.
StellarSoft Inc.;Work-Life Balance is Valued;The company truly values work-life balance, offering flexible hours and encouraging employees to disconnect after work, which greatly benefits mental health.
PixelPulse Studios;Creative Environment with Support;The creative environment at PixelPulse is both inspiring and supportive, promoting mental well-being through collaborative projects and open communication.
PixelPulse Studios;High Workload Causes Stress;The high workload can be stressful at times. Implementing better workload management would help improve mental health among employees.
PixelPulse Studios;Flexible Scheduling Options;Flexible scheduling options allow me to manage my time effectively, reducing stress and improving my overall mental health.
PixelPulse Studios;Supportive Leadership;Leadership is very supportive and understanding of personal challenges, creating a mentally healthy work environment.
PixelPulse Studios;Limited Mental Health Days;While there are mental health resources available, the number of mental health days provided could be increased to better support employees.
PixelPulse Studios;Inclusive and Diverse Culture;The inclusive and diverse culture at PixelPulse fosters a sense of belonging and supports mental well-being.
PixelPulse Studios;Access to Counseling Services;Access to free counseling services is a major plus. It’s comforting to know that help is available whenever needed.
PixelPulse Studios;Recognition Programs Are Strong;The strong recognition programs make employees feel appreciated, which positively impacts mental well-being.
PixelPulse Studios;Communication Could Improve;Communication within the company can be inconsistent, leading to confusion and stress among employees.
PixelPulse Studios;Encourages Work-Life Balance;PixelPulse encourages work-life balance through flexible hours and remote work options, greatly enhancing mental health.
HyperDrive Software;Outstanding Mental Health Programs;HyperDrive offers outstanding mental health programs, including workshops, counseling, and wellness activities that truly support employee well-being.
HyperDrive Software;High Expectations Lead to Burnout;The high expectations and demanding projects often lead to burnout. More emphasis on mental health support during intense periods would help.
HyperDrive Software;Flexible Work Environment;The flexible work environment allows me to manage my schedule effectively, reducing stress and improving my mental health.
HyperDrive Software;Supportive Management Team;The management team is very supportive and proactive in addressing mental health concerns, creating a positive work atmosphere.
HyperDrive Software;Limited Career Advancement;While mental health is prioritized, the limited opportunities for career advancement can lead to frustration and affect mental well-being.
HyperDrive Software;Positive Company Culture;The positive company culture fosters a supportive and mentally healthy work environment where employees feel valued.
HyperDrive Software;Access to Wellness Resources;Access to wellness resources, including fitness programs and meditation sessions, helps maintain both physical and mental health.
HyperDrive Software;Transparent Communication;Transparent communication from leadership reduces uncertainty and anxiety, positively affecting mental health.
HyperDrive Software;Recognition and Appreciation;Regular recognition and appreciation from management boost morale and contribute positively to mental health.
HyperDrive Software;Encourages Taking Breaks;The company encourages taking regular breaks and vacations, which helps in maintaining mental health and preventing burnout.
